Model,Accuracy,Precision,Recall,F1 Score,ROC-AUC
Gradient Boosting,0.8831168831168831,0.8333333333333334,0.8333333333333334,0.8333333333333334,0.957037037037037
XGBoost,0.8766233766233766,0.8181818181818182,0.8333333333333334,0.8256880733944955,0.950925925925926
Random Forest,0.8636363636363636,0.8113207547169812,0.7962962962962963,0.8037383177570093,0.9436111111111111
AdaBoost,0.8506493506493507,0.7719298245614035,0.8148148148148148,0.7927927927927928,0.9270370370370371
SVM,0.8376623376623377,0.7636363636363637,0.7777777777777778,0.7706422018348624,0.8974074074074074
Decision Tree,0.8116883116883117,0.7450980392156863,0.7037037037037037,0.7238095238095238,0.7868518518518519
KNN,0.8116883116883117,0.7358490566037735,0.7222222222222222,0.7289719626168224,0.8631481481481482
Naive Bayes,0.7272727272727273,0.603448275862069,0.6481481481481481,0.625,0.8016666666666667
Logistic Regression,0.7077922077922078,0.5882352941176471,0.5555555555555556,0.5714285714285714,0.8262962962962963
